Workbook

Sheet Use
A1: RAID | B1: Skill Type | C1: Daily Rate (INR) | D1: Start Date | E1: End Date
A2: 90719937 | B2: Specialized | C2: 16000 | D2: 46204 | E2: 46234
A3: 90719482 | B3: Commodity | C3: 22769 | D3: 46204 | E3: 46234
A4: 90732267 | B4: Commodity | C4: 14769 | D4: 46204 | E4: 46234
A5: 90732268 | B5: Specialized | C5: 16000 | D5: 46204 | E5: 46295
A6: 90719323 | B6: Commodity | C6: 27692 | D6: 46204 | E6: 46295
A7: 90732285 | B7: Commodity | C7: 18462 | D7: 46204 | E7: 46265
A8: 90719847 | B8: Commodity | C8: 22769 | D8: 46204 | E8: 46295
A9: 90719826 | B9: Commodity | C9: 18462 | D9: 46204 | E9: 46295
A10: 90719457 | B10: Commodity | C10: 22769 | D10: 46204 | E10: 46295
A11: 90719953 | B11: Commodity | C11: 14769 | D11: 46204 | E11: 46220
A12: 90719629 | B12: Commodity | C12: 22769 | D12: 46204 | E12: 46295
A13: 90719614 | B13: Commodity | C13: 22769 | D13: 46204 | E13: 46295
A14: 90719514 | B14: Commodity | C14: 27692 | D14: 46204 | E14: 46234
A15: 90725496 | B15: Commodity | C15: 14769 | D15: 46204 | E15: 46295
A16: 90719465 | B16: Commodity | C16: 22769 | D16: 46204 | E16: 46265
A17: 90719922 | B17: Specialized | C17: 16000 | D17: 46204 | E17: 46295
... A51: 90719536 | B51: Commodity | C51: 22769 | D51: 46204 | E51: 46295

Sheet Surya
A1: RAID | B1: Skill Type | C1: Daily Rate (INR) | D1: Start Date | E1: End Date
A2: 90719953 | B2: Commodity | C2: 14769 | D2: 46204 | E2: 46220 | G2: =VLOOKUP(A2,Use!$A$2:$E$51,2,FALSE) -> Commodity | H2: =VLOOKUP(A2,Use!$A$2:$E$51,3,FALSE) -> 14769 | I2: =VLOOKUP(A2,Use!$A$2:$E$51,4,FALSE) -> 46204 | J2: =VLOOKUP(A2,Use!$A$2:$E$51,5,FALSE) -> 46220
A3: 90719937 | B3: Specialized | C3: 16000 | D3: 46204 | E3: 46234 | G3: =VLOOKUP(A3,Use!$A$2:$E$51,2,FALSE) -> Specialized | H3: =VLOOKUP(A3,Use!$A$2:$E$51,3,FALSE) -> 16000 | I3: =VLOOKUP(A3,Use!$A$2:$E$51,4,FALSE) -> 46204 | J3: =VLOOKUP(A3,Use!$A$2:$E$51,5,FALSE) -> 46234
A4: 90719482 | B4: Commodity | C4: 22769 | D4: 46204 | E4: 46234 | G4: =VLOOKUP(A4,Use!$A$2:$E$51,2,FALSE) -> Commodity | H4: =VLOOKUP(A4,Use!$A$2:$E$51,3,FALSE) -> 22769 | I4: =VLOOKUP(A4,Use!$A$2:$E$51,4,FALSE) -> 46204 | J4: =VLOOKUP(A4,Use!$A$2:$E$51,5,FALSE) -> 46234
A5: 90732267 | B5: Commodity | C5: 14769 | D5: 46204 | E5: 46234 | G5: =VLOOKUP(A5,Use!$A$2:$E$51,2,FALSE) -> Commodity | H5: =VLOOKUP(A5,Use!$A$2:$E$51,3,FALSE) -> 14769 | I5: =VLOOKUP(A5,Use!$A$2:$E$51,4,FALSE) -> 46204 | J5: =VLOOKUP(A5,Use!$A$2:$E$51,5,FALSE) -> 46234
A6: 90719514 | B6: Commodity | C6: 27692 | D6: 46204 | E6: 46234 | G6: =VLOOKUP(A6,Use!$A$2:$E$51,2,FALSE) -> Commodity | H6: =VLOOKUP(A6,Use!$A$2:$E$51,3,FALSE) -> 27692 | I6: =VLOOKUP(A6,Use!$A$2:$E$51,4,FALSE) -> 46204 | J6: =VLOOKUP(A6,Use!$A$2:$E$51,5,FALSE) -> 46234
A7: 90719229 | B7: Commodity | C7: 22769 | D7: 46204 | E7: 46234 | G7: =VLOOKUP(A7,Use!$A$2:$E$51,2,FALSE) -> Commodity | H7: =VLOOKUP(A7,Use!$A$2:$E$51,3,FALSE) -> 22769 | I7: =VLOOKUP(A7,Use!$A$2:$E$51,4,FALSE) -> 46204 | J7: =VLOOKUP(A7,Use!$A$2:$E$51,5,FALSE) -> 46234
A8: 90719787 | B8: Commodity | C8: 18462 | D8: 46204 | E8: 46234 | G8: =VLOOKUP(A8,Use!$A$2:$E$51,2,FALSE) -> Commodity | H8: =VLOOKUP(A8,Use!$A$2:$E$51,3,FALSE) -> 18462 | I8: =VLOOKUP(A8,Use!$A$2:$E$51,4,FALSE) -> 46204 | J8: =VLOOKUP(A8,Use!$A$2:$E$51,5,FALSE) -> 46234
A9: 90719617 | B9: Commodity | C9: 22769 | D9: 46204 | E9: 46234 | G9: =VLOOKUP(A9,Use!$A$2:$E$51,2,FALSE) -> Commodity | H9: =VLOOKUP(A9,Use!$A$2:$E$51,3,FALSE) -> 22769 | I9: =VLOOKUP(A9,Use!$A$2:$E$51,4,FALSE) -> 46204 | J9: =VLOOKUP(A9,Use!$A$2:$E$51,5,FALSE) -> 46234
A10: 90719409 | B10: Specialized | C10: 24615 | D10: 46204 | E10: 46234 | G10: =VLOOKUP(A10,Use!$A$2:$E$51,2,FALSE) -> Specialized | H10: =VLOOKUP(A10,Use!$A$2:$E$51,3,FALSE) -> 24615 | I10: =VLOOKUP(A10,Use!$A$2:$E$51,4,FALSE) -> 46204 | J10: =VLOOKUP(A10,Use!$A$2:$E$51,5,FALSE) -> 46234
A11: 90719449 | B11: Commodity | C11: 22769 | D11: 46204 | E11: 46234 | G11: =VLOOKUP(A11,Use!$A$2:$E$51,2,FALSE) -> Commodity | H11: =VLOOKUP(A11,Use!$A$2:$E$51,3,FALSE) -> 22769 | I11: =VLOOKUP(A11,Use!$A$2:$E$51,4,FALSE) -> 46204 | J11: =VLOOKUP(A11,Use!$A$2:$E$51,5,FALSE) -> 46234
A12: 90729815 | B12: Commodity | C12: 30769 | D12: 46204 | E12: 46234 | G12: =VLOOKUP(A12,Use!$A$2:$E$51,2,FALSE) -> Commodity | H12: =VLOOKUP(A12,Use!$A$2:$E$51,3,FALSE) -> 30769 | I12: =VLOOKUP(A12,Use!$A$2:$E$51,4,FALSE) -> 46204 | J12: =VLOOKUP(A12,Use!$A$2:$E$51,5,FALSE) -> 46234
A13: 90718943 | B13: Commodity | C13: 30769 | D13: 46204 | E13: 46234 | G13: =VLOOKUP(A13,Use!$A$2:$E$51,2,FALSE) -> Commodity | H13: =VLOOKUP(A13,Use!$A$2:$E$51,3,FALSE) -> 30769 | I13: =VLOOKUP(A13,Use!$A$2:$E$51,4,FALSE) -> 46204 | J13: =VLOOKUP(A13,Use!$A$2:$E$51,5,FALSE) -> 46234
... A50: 90719446 | B50: Commodity | C50: 22769 | D50: 46204 | E50: 46387 | G50: =VLOOKUP(A50,Use!$A$2:$E$51,2,FALSE) -> Commodity | H50: =VLOOKUP(A50,Use!$A$2:$E$51,3,FALSE) -> 22769 | I50: =VLOOKUP(A50,Use!$A$2:$E$51,4,FALSE) -> 46204 | J50: =VLOOKUP(A50,Use!$A$2:$E$51,5,FALSE) -> 46387

Sheet new
A1: RAID | B1: Skill Type | C1: Daily Rate (INR) | D1: Start Date | E1: End Date
A2: 90719937 | B2: Specialized | C2: 16000 | D2: 46203 | E2: 46234
A3: 90719482 | B3: Commodity | C3: 22769 | D3: 46203 | E3: 46234
A4: 90732267 | B4: Commodity | C4: 14769 | D4: 46203 | E4: 46234
A5: 90732268 | B5: Specialized | C5: 16000 | D5: 46203 | E5: 46295
A6: 90719323 | B6: Commodity | C6: 27692 | D6: 46203 | E6: 46295
A7: 90732285 | B7: Commodity | C7: 18462 | D7: 46203 | E7: 46265
A8: 90719847 | B8: Commodity | C8: 22769 | D8: 46203 | E8: 46295
A9: 90719826 | B9: Commodity | C9: 18462 | D9: 46203 | E9: 46295
A10: 90719457 | B10: Commodity | C10: 22769 | D10: 46203 | E10: 46295
A11: 90719953 | B11: Commodity | C11: 14769 | D11: 46203 | E11: 46220
A12: 90719629 | B12: Commodity | C12: 22769 | D12: 46203 | E12: 46295
A13: 90719614 | B13: Commodity | C13: 22769 | D13: 46203 | E13: 46295
A14: 90719514 | B14: Commodity | C14: 27692 | D14: 46203 | E14: 46234
A15: 90725496 | B15: Commodity | C15: 14769 | D15: 46203 | E15: 46295
A16: 90719465 | B16: Commodity | C16: 22769 | D16: 46203 | E16: 46265
A17: 90719922 | B17: Specialized | C17: 16000 | D17: 46203 | E17: 46295
... A51: 90719536 | B51: Commodity | C51: 22769 | D51: 46203 | E51: 46295

Sheet Sheet3
A1: RAID | B1: Skill Type | C1: Daily Rate (INR) | E1: Start Date | F1: End Date
A2: RAID | B2: Skill Type | C2: Revised Bill Rate - Daily (INR) | D2: Contractor Name | E2: Start Date | F2: End Date
A3: 90719937 | B3: Niche | C3: 16000 | D3: Akshay B, Jeevan | E3: 46203 | F3: 46234
A4: 90719482 | B4: Commodity | C4: 22769 | D4: Ali, Niyas | E4: 46203 | F4: 46234
A5: 90732267 | B5: Commodity | C5: 14769 | D5: Anand, Abhijeet | E5: 46203 | F5: 46234
A6: 90732268 | B6: Niche | C6: 16000 | D6: B Nair, Aishwarya | E6: 46203 | F6: 46295
A7: 90719323 | B7: Commodity | C7: 27692 | D7: Basani, Rahul | E7: 46203 | F7: 46295
A8: 90732285 | B8: Commodity | C8: 18462 | D8: C, Miruthula | E8: 46265 | F8: 46265
A9: 90719847 | B9: Commodity | C9: 22769 | D9: Chaitanya Srinivasula, Krishna | E9: 46203 | F9: 46295
A10: 90719826 | B10: Commodity | C10: 18462 | D10: Charitha, P | E10: 46295 | F10: 46295
A11: 90719457 | B11: Commodity | C11: 22769 | D11: Das, Swagato | E11: 46203 | F11: 46295
A12: 90719953 | B12: Commodity | C12: 14769 | D12: Deshmukh, Harshada | E12: 46203 | F12: 46220
A13: 90719629 | B13: Commodity | C13: 22769 | D13: Dhanasekarapandian, Prabhakaran | E13: 46203 | F13: 46295
A14: 90719614 | B14: Commodity | C14: 22769 | D14: Dhaware, Ashitosh | E14: 46295 | F14: 46295
A15: 90719514 | B15: Commodity | C15: 27692 | D15: Dora, Subramanyam | E15: 46203 | F15: 46234
A16: 90725496 | B16: Commodity | C16: 14769 | D16: Eshwarappa, Harsha | E16: 46203 | F16: 46295
A17: 90719465 | B17: Commodity | C17: 22769 | D17: Gaikwad, Sushil | E17: 46265 | F17: 46265
A18: 90719922 | B18: Niche | C18: 16000 | D18: Ganie, Anzar | E18: 46203 | F18: 46295
... A46: 90719500 | B46: Commodity | C46: 22769 | D46: Shaikh, Sahil | E46: 46387 | F46: 46387
A47: 90719376 | C47: 0 | D47: Sharma, Anjana | E47: 46387 | F47: 46387
A48: 90720239 | B48: Niche | C48: 16000 | D48: Sheriff, Yusuff | E48: 46265 | F48: 46265
A49: 90719904 | B49: Niche | C49: 16000 | D49: Shibili O, Mohammed | E49: 46203 | F49: 46295
A50: 90719446 | B50: Commodity | C50: 22769 | D50: Singh, Pranjay | E50: 46387 | F50: 46387
A51: 90719637 | B51: Commodity | C51: 22769 | D51: Sri S, Archana | E51: 46203 | F51: 46295
A52: 90719536 | B52: Commodity | C52: 22769 | D52: Suresh, Adith | E52: 46203 | F52: 46295

Sheet Sheet2
